-- MySQL dump 10.13  Distrib 5.7.20, for Linux (x86_64)
--
-- Host: localhost    Database: edu assist
-- ------------------------------------------------------
-- Server version	5.7.20-0ubuntu0.16.04.1

/*!40101 SET @OLD_CHARACTER_SET_CLIENT=@@CHARACTER_SET_CLIENT */;
/*!40101 SET @OLD_CHARACTER_SET_RESULTS=@@CHARACTER_SET_RESULTS */;
/*!40101 SET @OLD_COLLATION_CONNECTION=@@COLLATION_CONNECTION */;
/*!40101 SET NAMES utf8 */;
/*!40103 SET @OLD_TIME_ZONE=@@TIME_ZONE */;
/*!40103 SET TIME_ZONE='+00:00' */;
/*!40014 SET @OLD_UNIQUE_CHECKS=@@UNIQUE_CHECKS, UNIQUE_CHECKS=0 */;
/*!40014 SET @OLD_FOREIGN_KEY_CHECKS=@@FOREIGN_KEY_CHECKS, FOREIGN_KEY_CHECKS=0 */;
/*!40101 SET @OLD_SQL_MODE=@@SQL_MODE, SQL_MODE='NO_AUTO_VALUE_ON_ZERO' */;
/*!40111 SET @OLD_SQL_NOTES=@@SQL_NOTES, SQL_NOTES=0 */;

--
-- Table structure for table `academicyear`
--

DROP TABLE IF EXISTS `academicyear`;
/*!40101 SET @saved_cs_client     = @@character_set_client */;
/*!40101 SET character_set_client = utf8 */;
CREATE TABLE `academicyear` (
  `start_year` int(11) NOT NULL,
  `end_year` int(11) NOT NULL,
  `semester` varchar(255) NOT NULL,
  `session_id` int(11) NOT NULL,
  PRIMARY KEY (`start_year`,`end_year`,`semester`,`session_id`),
  KEY `semester` (`semester`),
  KEY `session_id` (`session_id`),
  CONSTRAINT `academicyear_ibfk_2` FOREIGN KEY (`session_id`) REFERENCES `session` (`session_id`) ON DELETE CASCADE ON UPDATE CASCADE
) ENGINE=InnoDB DEFAULT CHARSET=utf8;
/*!40101 SET character_set_client = @saved_cs_client */;

--
-- Dumping data for table `academicyear`
--

LOCK TABLES `academicyear` WRITE;
/*!40000 ALTER TABLE `academicyear` DISABLE KEYS */;
INSERT INTO `academicyear` VALUES (2014,2015,'第一学期',22),(2016,2017,'第一学期',36),(2015,2016,'第二学期',37),(2016,2017,'第二学期',38),(2017,2018,'第一学期',39),(2018,2019,'第二学期',40),(2017,2018,'第二学期',42);
/*!40000 ALTER TABLE `academicyear` ENABLE KEYS */;
UNLOCK TABLES;

--
-- Table structure for table `classes`
--

DROP TABLE IF EXISTS `classes`;
/*!40101 SET @saved_cs_client     = @@character_set_client */;
/*!40101 SET character_set_client = utf8 */;
CREATE TABLE `classes` (
  `classes_id` int(11) NOT NULL AUTO_INCREMENT,
  `classes_name` varchar(255) DEFAULT NULL,
  `session_id` int(11) DEFAULT NULL,
  PRIMARY KEY (`classes_id`),
  KEY `session_id` (`session_id`),
  CONSTRAINT `classes_ibfk_1` FOREIGN KEY (`session_id`) REFERENCES `session` (`session_id`) ON DELETE CASCADE ON UPDATE CASCADE
) ENGINE=InnoDB AUTO_INCREMENT=25 DEFAULT CHARSET=utf8;
/*!40101 SET character_set_client = @saved_cs_client */;

--
-- Dumping data for table `classes`
--

LOCK TABLES `classes` WRITE;
/*!40000 ALTER TABLE `classes` DISABLE KEYS */;
INSERT INTO `classes` VALUES (20,'数据库开发技术教学班',36),(21,'数据库原理',37),(22,'数据库原理教学班',38),(23,'面向对象111',39),(24,'微机原理教学班',40);
/*!40000 ALTER TABLE `classes` ENABLE KEYS */;
UNLOCK TABLES;

--
-- Table structure for table `classes_student`
--

DROP TABLE IF EXISTS `classes_student`;
/*!40101 SET @saved_cs_client     = @@character_set_client */;
/*!40101 SET character_set_client = utf8 */;
CREATE TABLE `classes_student` (
  `classes_id` int(11) NOT NULL,
  `student_id` varchar(255) NOT NULL,
  PRIMARY KEY (`classes_id`,`student_id`),
  KEY `student_id` (`student_id`),
  CONSTRAINT `classes_student_ibfk_1` FOREIGN KEY (`classes_id`) REFERENCES `classes` (`classes_id`) ON DELETE CASCADE ON UPDATE CASCADE,
  CONSTRAINT `classes_student_ibfk_2` FOREIGN KEY (`student_id`) REFERENCES `student` (`studentid`) ON DELETE NO ACTION ON UPDATE NO ACTION
) ENGINE=InnoDB DEFAULT CHARSET=utf8;
/*!40101 SET character_set_client = @saved_cs_client */;

--
-- Dumping data for table `classes_student`
--

LOCK TABLES `classes_student` WRITE;
/*!40000 ALTER TABLE `classes_student` DISABLE KEYS */;
INSERT INTO `classes_student` VALUES (20,'131404060231'),(22,'131404060231'),(23,'131404060231'),(24,'131404060231'),(20,'141404060121'),(22,'141404060121'),(23,'141404060121'),(24,'141404060121'),(20,'141404060206'),(22,'141404060206'),(23,'141404060206'),(24,'141404060206'),(20,'141404060210'),(22,'141404060210'),(23,'141404060210'),(24,'141404060210'),(20,'141404060216'),(22,'141404060216'),(23,'141404060216'),(24,'141404060216'),(20,'141404060227'),(22,'141404060227'),(23,'141404060227'),(24,'141404060227'),(20,'141406040112'),(22,'141406040112'),(23,'141406040112'),(24,'141406040112'),(20,'141406070107'),(22,'141406070107'),(23,'141406070107'),(24,'141406070107'),(20,'141407020223'),(22,'141407020223'),(23,'141407020223'),(24,'141407020223'),(20,'141414090102'),(22,'141414090102'),(23,'141414090102'),(24,'141414090102'),(20,'151403170131'),(22,'151403170131'),(23,'151403170131'),(24,'151403170131'),(20,'151404060217'),(22,'151404060217'),(23,'151404060217'),(24,'151404060217'),(20,'151404060219'),(22,'151404060219'),(23,'151404060219'),(24,'151404060219'),(20,'151404060302'),(22,'151404060302'),(23,'151404060302'),(24,'151404060302'),(20,'151404060333'),(22,'151404060333'),(23,'151404060333'),(24,'151404060333'),(20,'151406070213'),(22,'151406070213'),(23,'151406070213'),(24,'151406070213'),(20,'151406070222'),(22,'151406070222'),(23,'151406070222'),(24,'151406070222'),(20,'151410010105'),(22,'151410010105'),(23,'151410010105'),(24,'151410010105'),(20,'151410010116'),(22,'151410010116'),(23,'151410010116'),(24,'151410010116'),(20,'151410010218'),(22,'151410010218'),(23,'151410010218'),(24,'151410010218'),(20,'151410020205'),(22,'151410020205'),(23,'151410020205'),(24,'151410020205'),(20,'151413130414'),(22,'151413130414'),(23,'151413130414'),(24,'151413130414'),(20,'151419010201'),(22,'151419010201'),(23,'151419010201'),(24,'151419010201'),(20,'161402060337'),(22,'161402060337'),(23,'161402060337'),(24,'161402060337'),(20,'161403170234'),(22,'161403170234'),(23,'161403170234'),(24,'161403170234'),(20,'161404060101'),(22,'161404060101'),(23,'161404060101'),(24,'161404060101'),(20,'161404060102'),(22,'161404060102'),(23,'161404060102'),(24,'161404060102'),(20,'161404060103'),(22,'161404060103'),(23,'161404060103'),(24,'161404060103'),(20,'161404060104'),(22,'161404060104'),(23,'161404060104'),(24,'161404060104'),(20,'161404060105'),(22,'161404060105'),(23,'161404060105'),(24,'161404060105'),(20,'161404060106'),(22,'161404060106'),(23,'161404060106'),(24,'161404060106'),(20,'161404060107'),(22,'161404060107'),(23,'161404060107'),(24,'161404060107'),(20,'161404060108'),(22,'161404060108'),(23,'161404060108'),(24,'161404060108'),(20,'161404060109'),(22,'161404060109'),(23,'161404060109'),(24,'161404060109'),(20,'161404060110'),(22,'161404060110'),(23,'161404060110'),(24,'161404060110'),(20,'161404060111'),(22,'161404060111'),(23,'161404060111'),(24,'161404060111'),(20,'161404060112'),(22,'161404060112'),(23,'161404060112'),(24,'161404060112'),(20,'161404060113'),(22,'161404060113'),(23,'161404060113'),(24,'161404060113'),(20,'161404060114'),(22,'161404060114'),(23,'161404060114'),(24,'161404060114'),(20,'161404060115'),(22,'161404060115'),(23,'161404060115'),(24,'161404060115'),(20,'161404060116'),(22,'161404060116'),(23,'161404060116'),(24,'161404060116'),(20,'161404060117'),(22,'161404060117'),(23,'161404060117'),(24,'161404060117'),(20,'161404060118'),(22,'161404060118'),(23,'161404060118'),(24,'161404060118'),(20,'161404060119'),(22,'161404060119'),(23,'161404060119'),(24,'161404060119'),(20,'161404060120'),(22,'161404060120'),(23,'161404060120'),(24,'161404060120'),(20,'161404060121'),(22,'161404060121'),(23,'161404060121'),(24,'161404060121'),(20,'161404060122'),(22,'161404060122'),(23,'161404060122'),(24,'161404060122'),(20,'161404060123'),(22,'161404060123'),(23,'161404060123'),(24,'161404060123'),(20,'161404060124'),(22,'161404060124'),(23,'161404060124'),(24,'161404060124'),(20,'161404060125'),(22,'161404060125'),(23,'161404060125'),(24,'161404060125'),(20,'161404060126'),(22,'161404060126'),(23,'161404060126'),(24,'161404060126'),(20,'161404060127'),(22,'161404060127'),(23,'161404060127'),(24,'161404060127'),(20,'161404060128'),(22,'161404060128'),(23,'161404060128'),(24,'161404060128'),(20,'161404060129'),(22,'161404060129'),(23,'161404060129'),(24,'161404060129'),(20,'161404060130'),(22,'161404060130'),(23,'161404060130'),(24,'161404060130'),(20,'161404060131'),(22,'161404060131'),(23,'161404060131'),(24,'161404060131'),(20,'161404060132'),(22,'161404060132'),(23,'161404060132'),(24,'161404060132'),(20,'161404060133'),(22,'161404060133'),(23,'161404060133'),(24,'161404060133'),(20,'161404060134'),(22,'161404060134'),(23,'161404060134'),(24,'161404060134'),(20,'161404060135'),(22,'161404060135'),(23,'161404060135'),(24,'161404060135'),(20,'161404060136'),(22,'161404060136'),(23,'161404060136'),(24,'161404060136'),(20,'161404060137'),(22,'161404060137'),(23,'161404060137'),(24,'161404060137'),(20,'161404060138'),(22,'161404060138'),(23,'161404060138'),(24,'161404060138'),(20,'161404060139'),(22,'161404060139'),(23,'161404060139'),(24,'161404060139'),(20,'161404060140'),(22,'161404060140'),(23,'161404060140'),(24,'161404060140'),(20,'161404060201'),(22,'161404060201'),(23,'161404060201'),(24,'161404060201'),(20,'161404060202'),(22,'161404060202'),(23,'161404060202'),(24,'161404060202'),(20,'161404060203'),(22,'161404060203'),(23,'161404060203'),(24,'161404060203'),(20,'161404060204'),(22,'161404060204'),(23,'161404060204'),(24,'161404060204'),(20,'161404060205'),(22,'161404060205'),(23,'161404060205'),(24,'161404060205'),(20,'161404060206'),(22,'161404060206'),(23,'161404060206'),(24,'161404060206'),(20,'161404060207'),(22,'161404060207'),(23,'161404060207'),(24,'161404060207'),(20,'161404060208'),(22,'161404060208'),(23,'161404060208'),(24,'161404060208'),(20,'161404060209'),(22,'161404060209'),(23,'161404060209'),(24,'161404060209'),(20,'161404060210'),(22,'161404060210'),(23,'161404060210'),(24,'161404060210'),(20,'161404060211'),(22,'161404060211'),(23,'161404060211'),(24,'161404060211'),(20,'161404060212'),(22,'161404060212'),(23,'161404060212'),(24,'161404060212'),(20,'161404060213'),(22,'161404060213'),(23,'161404060213'),(24,'161404060213'),(20,'161404060214'),(22,'161404060214'),(23,'161404060214'),(24,'161404060214'),(20,'161404060215'),(22,'161404060215'),(23,'161404060215'),(24,'161404060215'),(20,'161404060216'),(22,'161404060216'),(23,'161404060216'),(24,'161404060216'),(20,'161404060217'),(22,'161404060217'),(23,'161404060217'),(24,'161404060217'),(20,'161404060218'),(22,'161404060218'),(23,'161404060218'),(24,'161404060218'),(20,'161404060219'),(22,'161404060219'),(23,'161404060219'),(24,'161404060219'),(20,'161404060220'),(22,'161404060220'),(23,'161404060220'),(24,'161404060220'),(20,'161404060221'),(22,'161404060221'),(23,'161404060221'),(24,'161404060221'),(20,'161404060222'),(22,'161404060222'),(23,'161404060222'),(24,'161404060222'),(20,'161404060223'),(22,'161404060223'),(23,'161404060223'),(24,'161404060223'),(20,'161404060224'),(22,'161404060224'),(23,'161404060224'),(24,'161404060224'),(20,'161404060225'),(22,'161404060225'),(23,'161404060225'),(24,'161404060225'),(20,'161404060226'),(22,'161404060226'),(23,'161404060226'),(24,'161404060226'),(20,'161404060227'),(22,'161404060227'),(23,'161404060227'),(24,'161404060227'),(20,'161404060228'),(22,'161404060228'),(23,'161404060228'),(24,'161404060228'),(20,'161404060229'),(22,'161404060229'),(23,'161404060229'),(24,'161404060229'),(20,'161404060230'),(22,'161404060230'),(23,'161404060230'),(24,'161404060230'),(20,'161404060231'),(22,'161404060231'),(23,'161404060231'),(24,'161404060231'),(20,'161404060232'),(22,'161404060232'),(23,'161404060232'),(24,'161404060232'),(20,'161404060233'),(22,'161404060233'),(23,'161404060233'),(24,'161404060233'),(20,'161404060234'),(22,'161404060234'),(23,'161404060234'),(24,'161404060234'),(20,'161404060235'),(22,'161404060235'),(23,'161404060235'),(24,'161404060235'),(20,'161404060236'),(22,'161404060236'),(23,'161404060236'),(24,'161404060236'),(20,'161404060237'),(22,'161404060237'),(23,'161404060237'),(24,'161404060237'),(20,'161404060238'),(22,'161404060238'),(23,'161404060238'),(24,'161404060238'),(20,'161404060239'),(22,'161404060239'),(23,'161404060239'),(24,'161404060239'),(20,'161404060240'),(22,'161404060240'),(23,'161404060240'),(24,'161404060240'),(20,'161404060301'),(22,'161404060301'),(23,'161404060301'),(24,'161404060301'),(20,'161404060302'),(22,'161404060302'),(23,'161404060302'),(24,'161404060302'),(20,'161404060303'),(22,'161404060303'),(23,'161404060303'),(24,'161404060303'),(20,'161404060304'),(22,'161404060304'),(23,'161404060304'),(24,'161404060304'),(20,'161404060305'),(22,'161404060305'),(23,'161404060305'),(24,'161404060305'),(20,'161404060306'),(22,'161404060306'),(23,'161404060306'),(24,'161404060306'),(20,'161404060307'),(22,'161404060307'),(23,'161404060307'),(24,'161404060307'),(20,'161404060308'),(22,'161404060308'),(23,'161404060308'),(24,'161404060308'),(20,'161404060309'),(22,'161404060309'),(23,'161404060309'),(24,'161404060309'),(20,'161404060310'),(22,'161404060310'),(23,'161404060310'),(24,'161404060310'),(20,'161404060311'),(22,'161404060311'),(23,'161404060311'),(24,'161404060311'),(20,'161404060312'),(22,'161404060312'),(23,'161404060312'),(24,'161404060312'),(20,'161404060313'),(22,'161404060313'),(23,'161404060313'),(24,'161404060313'),(20,'161404060314'),(22,'161404060314'),(23,'161404060314'),(24,'161404060314'),(20,'161404060315'),(22,'161404060315'),(23,'161404060315'),(24,'161404060315'),(20,'161404060316'),(22,'161404060316'),(23,'161404060316'),(24,'161404060316'),(20,'161404060317'),(22,'161404060317'),(23,'161404060317'),(24,'161404060317'),(20,'161404060318'),(22,'161404060318'),(23,'161404060318'),(24,'161404060318'),(20,'161404060319'),(22,'161404060319'),(23,'161404060319'),(24,'161404060319'),(20,'161404060320'),(22,'161404060320'),(23,'161404060320'),(24,'161404060320'),(20,'161404060321'),(22,'161404060321'),(23,'161404060321'),(24,'161404060321'),(20,'161404060322'),(22,'161404060322'),(23,'161404060322'),(24,'161404060322'),(20,'161404060323'),(22,'161404060323'),(23,'161404060323'),(24,'161404060323'),(20,'161404060324'),(22,'161404060324'),(23,'161404060324'),(24,'161404060324'),(20,'161404060325'),(22,'161404060325'),(23,'161404060325'),(24,'161404060325'),(20,'161404060326'),(22,'161404060326'),(23,'161404060326'),(24,'161404060326'),(20,'161404060327'),(22,'161404060327'),(23,'161404060327'),(24,'161404060327'),(20,'161404060328'),(22,'161404060328'),(23,'161404060328'),(24,'161404060328'),(20,'161404060329'),(22,'161404060329'),(23,'161404060329'),(24,'161404060329'),(20,'161404060331'),(22,'161404060331'),(23,'161404060331'),(24,'161404060331'),(20,'161404060332'),(22,'161404060332'),(23,'161404060332'),(24,'161404060332'),(20,'161404060333'),(22,'161404060333'),(23,'161404060333'),(24,'161404060333'),(20,'161404060334'),(22,'161404060334'),(23,'161404060334'),(24,'161404060334'),(20,'161404060335'),(22,'161404060335'),(23,'161404060335'),(24,'161404060335'),(20,'161404060336'),(22,'161404060336'),(23,'161404060336'),(24,'161404060336'),(20,'161404060337'),(22,'161404060337'),(23,'161404060337'),(24,'161404060337'),(20,'161404060338'),(22,'161404060338'),(23,'161404060338'),(24,'161404060338'),(20,'161404060339'),(22,'161404060339'),(23,'161404060339'),(24,'161404060339'),(20,'161404060340'),(22,'161404060340'),(23,'161404060340'),(24,'161404060340'),(20,'161404160225'),(22,'161404160225'),(23,'161404160225'),(24,'161404160225');
/*!40000 ALTER TABLE `classes_student` ENABLE KEYS */;
UNLOCK TABLES;

--
-- Table structure for table `course`
--

DROP TABLE IF EXISTS `course`;
/*!40101 SET @saved_cs_client     = @@character_set_client */;
/*!40101 SET character_set_client = utf8 */;
CREATE TABLE `course` (
  `course_id` int(11) NOT NULL AUTO_INCREMENT,
  `course_name` varchar(255) DEFAULT NULL,
  PRIMARY KEY (`course_id`)
) ENGINE=InnoDB AUTO_INCREMENT=12 DEFAULT CHARSET=utf8;
/*!40101 SET character_set_client = @saved_cs_client */;

--
-- Dumping data for table `course`
--

LOCK TABLES `course` WRITE;
/*!40000 ALTER TABLE `course` DISABLE KEYS */;
INSERT INTO `course` VALUES (1,'sdfsdf'),(2,'sdfsdfsdfs'),(3,'sdfsdfdfg'),(4,'数据库原理'),(7,'数据库开发技术'),(8,'离散数学'),(9,'微机原理'),(10,'面向对象'),(11,'毛概');
/*!40000 ALTER TABLE `course` ENABLE KEYS */;
UNLOCK TABLES;

--
-- Table structure for table `session`
--

DROP TABLE IF EXISTS `session`;
/*!40101 SET @saved_cs_client     = @@character_set_client */;
/*!40101 SET character_set_client = utf8 */;
CREATE TABLE `session` (
  `session_id` int(255) NOT NULL AUTO_INCREMENT,
  `lecturer_id` varchar(255) NOT NULL,
  `completion_date` date DEFAULT NULL,
  `session_name` varchar(255) DEFAULT NULL,
  `course_id` int(11) NOT NULL,
  `completion_status` varchar(1) NOT NULL DEFAULT '0',
  PRIMARY KEY (`session_id`),
  KEY `lecturer_id` (`lecturer_id`) USING BTREE,
  KEY `course_id` (`course_id`),
  CONSTRAINT `session_ibfk_2` FOREIGN KEY (`lecturer_id`) REFERENCES `teacher` (`teacherid`) ON DELETE CASCADE ON UPDATE CASCADE,
  CONSTRAINT `session_ibfk_3` FOREIGN KEY (`course_id`) REFERENCES `course` (`course_id`) ON DELETE NO ACTION ON UPDATE NO ACTION
) ENGINE=InnoDB AUTO_INCREMENT=43 DEFAULT CHARSET=utf8;
/*!40101 SET character_set_client = @saved_cs_client */;

--
-- Dumping data for table `session`
--

LOCK TABLES `session` WRITE;
/*!40000 ALTER TABLE `session` DISABLE KEYS */;
INSERT INTO `session` VALUES (22,'141404060320',NULL,NULL,7,'0'),(31,'141404060321',NULL,NULL,1,'0'),(32,'141404060321',NULL,NULL,2,'0'),(33,'141404060321',NULL,NULL,4,'0'),(36,'141404060321',NULL,NULL,7,'1'),(37,'141404060321',NULL,NULL,4,'0'),(38,'141404060321',NULL,NULL,4,'0'),(39,'141404060321',NULL,NULL,10,'0'),(40,'141404060321',NULL,NULL,9,'0'),(42,'141404060321',NULL,NULL,11,'1');
/*!40000 ALTER TABLE `session` ENABLE KEYS */;
UNLOCK TABLES;

--
-- Table structure for table `student`
--

DROP TABLE IF EXISTS `student`;
/*!40101 SET @saved_cs_client     = @@character_set_client */;
/*!40101 SET character_set_client = utf8 */;
CREATE TABLE `student` (
  `studentid` varchar(255) NOT NULL,
  `classa` varchar(255) DEFAULT NULL,
  `name` varchar(255) DEFAULT NULL,
  `sex` varchar(2) DEFAULT NULL,
  PRIMARY KEY (`studentid`),
  KEY `student_studentid` (`studentid`) USING HASH,
  KEY `classa` (`classa`)
) ENGINE=InnoDB DEFAULT CHARSET=utf8;
/*!40101 SET character_set_client = @saved_cs_client */;

--
-- Dumping data for table `student`
--

LOCK TABLES `student` WRITE;
/*!40000 ALTER TABLE `student` DISABLE KEYS */;
INSERT INTO `student` VALUES ('131404060231','计算机(软件)132','赵振虎','男'),('141404060121','计算机(软件)141','王艺丞','男'),('141404060206','计算机(软件)141','金瑞','男'),('141404060210','计算机(网络)141','刘雨春','男'),('141404060216','计算机(软件)141','史文剑','男'),('141404060227','计算机(网络)141','杨晨昊','男'),('141404060328','计科143','张文武','男'),('141406040112','营销141','郭倩倩','女'),('141406070107','信管141','郭瑾宏','男'),('141407020223','日语142','张娜','女'),('141414090102','资源141','程桢','男'),('151403170131','计算机161','张晨晔','男'),('151404060217','计算机(软件)152','马婉情','女'),('151404060219','计算机(软件)152','宋龙飞','男'),('151404060302','计算机(软件)153','陈雨琦','男'),('151404060333','计算机(软件)153','滕昭国','男'),('151406070213','信管152','黎梓朗','男'),('151406070222','信管152','彭冉','男'),('151410010105','应数151','李文祺','男'),('151410010116','应数151','孙汉韬','男'),('151410010218','应数151','潘宇新','女'),('151410020205','应物152','韩世鹏','男'),('151413130414','动医152','柳荦','男'),('151419010201','园艺152','陈雪苗','女'),('161402060337','计算机161','李泽民','男'),('161403170234','计算机162','赵万里','男'),('161404060101','计算机161','洪英杰','男'),('161404060102','计算机161','郭宇','男'),('161404060103','计算机161','刘智','男'),('161404060104','计算机161','丁国伟','男'),('161404060105','计算机161','吕万东','男'),('161404060106','计算机161','黄磊磊','男'),('161404060107','计算机161','马喜明','男'),('161404060108','计算机161','孟雪佳','女'),('161404060109','计算机161','王刚','男'),('161404060110','计算机161','苏丹','女'),('161404060111','计算机161','黄珊珊','女'),('161404060112','计算机161','谢凯','男'),('161404060113','计算机161','方圆','男'),('161404060114','计算机161','闫兆旺','男'),('161404060115','计算机161','孙健','男'),('161404060116','计算机161','陈世超','男'),('161404060117','计算机161','许新雨','男'),('161404060118','计算机161','苟永飞','男'),('161404060119','计算机161','刘先阳','男'),('161404060120','计算机161','沈铃杰','男'),('161404060121','计算机161','党林达','男'),('161404060122','计算机161','王培毅','男'),('161404060123','计算机161','刘宇翔','男'),('161404060124','计算机161','陶天然','女'),('161404060125','计算机161','刘帅飞','男'),('161404060126','计算机161','马海洋','男'),('161404060127','计算机161','王之元','男'),('161404060128','计算机161','王学智','男'),('161404060129','计算机161','张世勇','男'),('161404060130','计算机161','肖欣','女'),('161404060131','计算机161','牛猛','男'),('161404060132','计算机161','罗百强','男'),('161404060133','计算机161','王卫涛','男'),('161404060134','计算机161','李豪','男'),('161404060135','计算机161','陈敏','女'),('161404060136','计算机161','焦鑫哲','男'),('161404060137','计算机161','张丽','女'),('161404060138','计算机161','张宇轩','男'),('161404060139','计算机161','邓志岳','男'),('161404060140','计算机161','崔鹏旭','男'),('161404060201','计算机162','袁若松','男'),('161404060202','计算机162','林泽泓','男'),('161404060203','计算机162','唐璇','女'),('161404060204','计算机162','徐锴','男'),('161404060205','计算机162','赵旭','男'),('161404060206','计算机162','王杭','男'),('161404060207','计算机162','李闯','男'),('161404060208','计算机162','杜起','男'),('161404060209','计算机162','蒋文攀','男'),('161404060210','计算机162','曾庆杨','男'),('161404060211','计算机162','石歌颂','男'),('161404060212','计算机162','姜明明','女'),('161404060213','计算机162','曹子超','男'),('161404060214','计算机162','刘树科','男'),('161404060215','计算机162','张茜茜','女'),('161404060216','计算机162','司林飞','男'),('161404060217','计算机162','张涛','男'),('161404060218','计算机162','石磊','男'),('161404060219','计算机162','黄鑫雨','男'),('161404060220','计算机162','张梦林','男'),('161404060221','计算机162','程楠','男'),('161404060222','计算机162','刘仕昂','男'),('161404060223','计算机162','张斌','男'),('161404060224','计算机162','申冉','女'),('161404060225','计算机162','张文博','男'),('161404060226','计算机162','李向鹏','男'),('161404060227','计算机162','蒋新秀','女'),('161404060228','计算机162','张莹莹','女'),('161404060229','计算机162','徐文萱','女'),('161404060230','计算机162','陶文彪','男'),('161404060231','计算机162','吴汶斌','男'),('161404060232','计算机162','王雷','男'),('161404060233','计算机162','郝婉君','女'),('161404060234','计算机162','张翔宇','男'),('161404060235','计算机162','孙冰','男'),('161404060236','计算机162','户博文','男'),('161404060237','计算机162','杨之帆','男'),('161404060238','计算机162','牛文凯','男'),('161404060239','计算机162','赵振涛','男'),('161404060240','计算机162','于正鑫','男'),('161404060301','计算机163','敬玉珂','女'),('161404060302','计算机163','郭晨洋','男'),('161404060303','计算机163','陆豪','男'),('161404060304','计算机163','杨战胜','男'),('161404060305','计算机163','方孟惠','女'),('161404060306','计算机163','戴威','男'),('161404060307','计算机163','王晓东','男'),('161404060308','计算机163','魏林捷','女'),('161404060309','计算机163','孙伟刚','男'),('161404060310','计算机163','金冬麟','男'),('161404060311','计算机163','王鑫','男'),('161404060312','计算机163','陈昊','男'),('161404060313','计算机163','陈加兴','男'),('161404060314','计算机163','陈昂','男'),('161404060315','计算机163','王东昱','男'),('161404060316','计算机163','吴玉娇','女'),('161404060317','计算机163','王斐蒂','女'),('161404060318','计算机163','马帅','男'),('161404060319','计算机163','夏若缘','女'),('161404060320','计算机163','丁昌耀','男'),('161404060321','计算机163','张晨','女'),('161404060322','计算机163','杨可','女'),('161404060323','计算机163','张俊杰','男'),('161404060324','计算机163','王新杰','男'),('161404060325','计算机163','武亚龙','男'),('161404060326','计算机163','赵吉旺','男'),('161404060327','计算机163','万传峰','男'),('161404060328','计算机163','马世东','男'),('161404060329','计算机163','李三召','男'),('161404060331','计算机163','宋鹏博','男'),('161404060332','计算机163','丁宇','男'),('161404060333','计算机163','孔繁鹏','男'),('161404060334','计算机163','黄忠伟','男'),('161404060335','计算机163','邹茂勇','男'),('161404060336','计算机163','胡术宇','男'),('161404060337','计算机163','谷中','男'),('161404060338','计算机163','王兴宽','男'),('161404060339','计算机163','方志强','男'),('161404060340','计算机163','谢启明','男'),('161404160225','计算机163','彭坤迪','女'),('213131','计科143','胜多负少','男'),('2222','计科141','苏大维格','男'),('23211','计科141','爽肤水','男'),('232222','计科141','十大女','男'),('232421','计科142','水电费','男'),('234234','计科142','生栋覆屋','男'),('32423','计科143','水电费','男'),('42342321','计科142','人个人','男');
/*!40000 ALTER TABLE `student` ENABLE KEYS */;
UNLOCK TABLES;

--
-- Table structure for table `task`
--

DROP TABLE IF EXISTS `task`;
/*!40101 SET @saved_cs_client     = @@character_set_client */;
/*!40101 SET character_set_client = utf8 */;
CREATE TABLE `task` (
  `task_name` varchar(255) DEFAULT NULL,
  `task_directory` varchar(255) DEFAULT NULL,
  `task_id` int(11) NOT NULL AUTO_INCREMENT,
  `classes_id` int(11) DEFAULT NULL,
  `end_date` date DEFAULT NULL,
  `pub_date` date DEFAULT NULL,
  `task_content` text,
  `affix_position` varchar(255) DEFAULT NULL,
  PRIMARY KEY (`task_id`),
  KEY `task_ibfk_1` (`classes_id`),
  CONSTRAINT `task_ibfk_1` FOREIGN KEY (`classes_id`) REFERENCES `classes` (`classes_id`) ON DELETE CASCADE ON UPDATE CASCADE
) ENGINE=InnoDB AUTO_INCREMENT=45 DEFAULT CHARSET=utf8;
/*!40101 SET character_set_client = @saved_cs_client */;

--
-- Dumping data for table `task`
--

LOCK TABLES `task` WRITE;
/*!40000 ALTER TABLE `task` DISABLE KEYS */;
INSERT INTO `task` VALUES ('发放手动释放水电费散发三','E:\\eduassist v2\\.metadata\\.plugins\\org.eclipse.wst.server.core\\tmp0\\wtpwebapps\\edu_assist-web\\eduassist/file/upload/student_task_file/20/36',36,20,'2018-01-17','2018-01-05','手动阀沙发上是否打算发是否打算发散发是的法师打发是否大大大','E:\\eduassist v2\\.metadata\\.plugins\\org.eclipse.wst.server.core\\tmp0\\wtpwebapps\\edu_assist-web\\'),('是地方萨芬撒','E:\\eduassist v2\\.metadata\\.plugins\\org.eclipse.wst.server.core\\tmp0\\wtpwebapps\\edu_assist-web\\eduassist/file/upload/student_task_file/20/39',39,20,'2018-01-22','2018-01-05','是的法师打发是否手动阀的说法三顿饭发','E:\\eduassist v2\\.metadata\\.plugins\\org.eclipse.wst.server.core\\tmp0\\wtpwebapps\\edu_assist-web\\'),('是地方撒地方撒地方','E:\\eduassist v2\\.metadata\\.plugins\\org.eclipse.wst.server.core\\tmp0\\wtpwebapps\\edu_assist-web\\eduassist/file/upload/student_task_file/22/42',42,22,'2018-01-22','2018-01-05','是地方萨芬撒萨芬','E:\\eduassist v2\\.metadata\\.plugins\\org.eclipse.wst.server.core\\tmp0\\wtpwebapps\\edu_assist-web\\'),('666','E:\\eduassist v2\\.metadata\\.plugins\\org.eclipse.wst.server.core\\tmp0\\wtpwebapps\\edu_assist-web\\eduassist/file/upload/student_task_file/23/43',43,23,'2018-01-16','2018-01-05','计划','E:\\eduassist v2\\.metadata\\.plugins\\org.eclipse.wst.server.core\\tmp0\\wtpwebapps\\edu_assist-web\\'),('大师傅士大夫倒萨','/home/ubuntu/apache-tomcat-8.0.42/webapps/edu_assist-web/eduassist/file/upload/student_task_file/24/44',44,24,'2018-01-24','2018-01-05','士大夫撒发生发生发射点发射点发','/home/ubuntu/apache-tomcat-8.0.42/webapps/edu_assist-web/');
/*!40000 ALTER TABLE `task` ENABLE KEYS */;
UNLOCK TABLES;

--
-- Table structure for table `task_completion`
--

DROP TABLE IF EXISTS `task_completion`;
/*!40101 SET @saved_cs_client     = @@character_set_client */;
/*!40101 SET character_set_client = utf8 */;
CREATE TABLE `task_completion` (
  `classa` varchar(255) DEFAULT NULL,
  `task_id` int(11) DEFAULT NULL,
  `student_id` varchar(255) DEFAULT NULL,
  `complete_status` varchar(1) DEFAULT '0',
  `student_name` varchar(255) DEFAULT NULL,
  `task_position` varchar(255) DEFAULT NULL,
  KEY `task_id` (`task_id`),
  KEY `student_id` (`student_id`),
  KEY `classa` (`classa`),
  CONSTRAINT `task_completion_ibfk_2` FOREIGN KEY (`task_id`) REFERENCES `task` (`task_id`) ON DELETE CASCADE ON UPDATE CASCADE,
  CONSTRAINT `task_completion_ibfk_3` FOREIGN KEY (`student_id`) REFERENCES `student` (`studentid`) ON DELETE CASCADE ON UPDATE CASCADE,
  CONSTRAINT `task_completion_ibfk_4` FOREIGN KEY (`classa`) REFERENCES `student` (`classa`) ON DELETE CASCADE ON UPDATE CASCADE
) ENGINE=InnoDB DEFAULT CHARSET=utf8;
/*!40101 SET character_set_client = @saved_cs_client */;

--
-- Dumping data for table `task_completion`
--

LOCK TABLES `task_completion` WRITE;
/*!40000 ALTER TABLE `task_completion` DISABLE KEYS */;
INSERT INTO `task_completion` VALUES ('计算机(软件)132',36,'131404060231','0','赵振虎',NULL),('计算机(软件)141',36,'141404060121','0','王艺丞',NULL),('计算机(软件)141',36,'141404060206','0','金瑞',NULL),('计算机(网络)141',36,'141404060210','0','刘雨春',NULL),('计算机(软件)141',36,'141404060216','0','史文剑',NULL),('计算机(网络)141',36,'141404060227','0','杨晨昊',NULL),('营销141',36,'141406040112','0','郭倩倩',NULL),('信管141',36,'141406070107','1','郭瑾宏','E:\\eduassist v2\\.metadata\\.plugins\\org.eclipse.wst.server.core\\tmp0\\wtpwebapps\\edu_assist-web\\eduassist/file/upload/student_task_file/20/36/markdownpadzcj.zip'),('日语142',36,'141407020223','0','张娜',NULL),('资源141',36,'141414090102','0','程桢',NULL),('计算机161',36,'151403170131','0','张晨晔',NULL),('计算机(软件)152',36,'151404060217','0','马婉情',NULL),('计算机(软件)152',36,'151404060219','0','宋龙飞',NULL),('计算机(软件)153',36,'151404060302','0','陈雨琦',NULL),('计算机(软件)153',36,'151404060333','0','滕昭国',NULL),('信管152',36,'151406070213','0','黎梓朗',NULL),('信管152',36,'151406070222','0','彭冉',NULL),('应数151',36,'151410010105','0','李文祺',NULL),('应数151',36,'151410010116','0','孙汉韬',NULL),('应数151',36,'151410010218','0','潘宇新',NULL),('应物152',36,'151410020205','0','韩世鹏',NULL),('动医152',36,'151413130414','0','柳荦',NULL),('园艺152',36,'151419010201','0','陈雪苗',NULL),('计算机161',36,'161402060337','0','李泽民',NULL),('计算机162',36,'161403170234','0','赵万里',NULL),('计算机161',36,'161404060101','0','洪英杰',NULL),('计算机161',36,'161404060102','0','郭宇',NULL),('计算机161',36,'161404060103','0','刘智',NULL),('计算机161',36,'161404060104','0','丁国伟',NULL),('计算机161',36,'161404060105','0','吕万东',NULL),('计算机161',36,'161404060106','0','黄磊磊',NULL),('计算机161',36,'161404060107','0','马喜明',NULL),('计算机161',36,'161404060108','0','孟雪佳',NULL),('计算机161',36,'161404060109','0','王刚',NULL),('计算机161',36,'161404060110','0','苏丹',NULL),('计算机161',36,'161404060111','0','黄珊珊',NULL),('计算机161',36,'161404060112','0','谢凯',NULL),('计算机161',36,'161404060113','0','方圆',NULL),('计算机161',36,'161404060114','0','闫兆旺',NULL),('计算机161',36,'161404060115','0','孙健',NULL),('计算机161',36,'161404060116','0','陈世超',NULL),('计算机161',36,'161404060117','0','许新雨',NULL),('计算机161',36,'161404060118','0','苟永飞',NULL),('计算机161',36,'161404060119','0','刘先阳',NULL),('计算机161',36,'161404060120','0','沈铃杰',NULL),('计算机161',36,'161404060121','0','党林达',NULL),('计算机161',36,'161404060122','0','王培毅',NULL),('计算机161',36,'161404060123','0','刘宇翔',NULL),('计算机161',36,'161404060124','0','陶天然',NULL),('计算机161',36,'161404060125','0','刘帅飞',NULL),('计算机161',36,'161404060126','0','马海洋',NULL),('计算机161',36,'161404060127','0','王之元',NULL),('计算机161',36,'161404060128','0','王学智',NULL),('计算机161',36,'161404060129','0','张世勇',NULL),('计算机161',36,'161404060130','0','肖欣',NULL),('计算机161',36,'161404060131','0','牛猛',NULL),('计算机161',36,'161404060132','0','罗百强',NULL),('计算机161',36,'161404060133','0','王卫涛',NULL),('计算机161',36,'161404060134','0','李豪',NULL),('计算机161',36,'161404060135','0','陈敏',NULL),('计算机161',36,'161404060136','0','焦鑫哲',NULL),('计算机161',36,'161404060137','0','张丽',NULL),('计算机161',36,'161404060138','0','张宇轩',NULL),('计算机161',36,'161404060139','0','邓志岳',NULL),('计算机161',36,'161404060140','0','崔鹏旭',NULL),('计算机162',36,'161404060201','0','袁若松',NULL),('计算机162',36,'161404060202','0','林泽泓',NULL),('计算机162',36,'161404060203','0','唐璇',NULL),('计算机162',36,'161404060204','0','徐锴',NULL),('计算机162',36,'161404060205','0','赵旭',NULL),('计算机162',36,'161404060206','0','王杭',NULL),('计算机162',36,'161404060207','0','李闯',NULL),('计算机162',36,'161404060208','0','杜起',NULL),('计算机162',36,'161404060209','0','蒋文攀',NULL),('计算机162',36,'161404060210','0','曾庆杨',NULL),('计算机162',36,'161404060211','0','石歌颂',NULL),('计算机162',36,'161404060212','0','姜明明',NULL),('计算机162',36,'161404060213','0','曹子超',NULL),('计算机162',36,'161404060214','0','刘树科',NULL),('计算机162',36,'161404060215','0','张茜茜',NULL),('计算机162',36,'161404060216','0','司林飞',NULL),('计算机162',36,'161404060217','0','张涛',NULL),('计算机162',36,'161404060218','0','石磊',NULL),('计算机162',36,'161404060219','0','黄鑫雨',NULL),('计算机162',36,'161404060220','0','张梦林',NULL),('计算机162',36,'161404060221','0','程楠',NULL),('计算机162',36,'161404060222','0','刘仕昂',NULL),('计算机162',36,'161404060223','0','张斌',NULL),('计算机162',36,'161404060224','0','申冉',NULL),('计算机162',36,'161404060225','0','张文博',NULL),('计算机162',36,'161404060226','0','李向鹏',NULL),('计算机162',36,'161404060227','0','蒋新秀',NULL),('计算机162',36,'161404060228','0','张莹莹',NULL),('计算机162',36,'161404060229','0','徐文萱',NULL),('计算机162',36,'161404060230','0','陶文彪',NULL),('计算机162',36,'161404060231','0','吴汶斌',NULL),('计算机162',36,'161404060232','0','王雷',NULL),('计算机162',36,'161404060233','0','郝婉君',NULL),('计算机162',36,'161404060234','0','张翔宇',NULL),('计算机162',36,'161404060235','0','孙冰',NULL),('计算机162',36,'161404060236','0','户博文',NULL),('计算机162',36,'161404060237','0','杨之帆',NULL),('计算机162',36,'161404060238','0','牛文凯',NULL),('计算机162',36,'161404060239','0','赵振涛',NULL),('计算机162',36,'161404060240','0','于正鑫',NULL),('计算机163',36,'161404060301','0','敬玉珂',NULL),('计算机163',36,'161404060302','0','郭晨洋',NULL),('计算机163',36,'161404060303','0','陆豪',NULL),('计算机163',36,'161404060304','0','杨战胜',NULL),('计算机163',36,'161404060305','0','方孟惠',NULL),('计算机163',36,'161404060306','0','戴威',NULL),('计算机163',36,'161404060307','0','王晓东',NULL),('计算机163',36,'161404060308','0','魏林捷',NULL),('计算机163',36,'161404060309','0','孙伟刚',NULL),('计算机163',36,'161404060310','0','金冬麟',NULL),('计算机163',36,'161404060311','0','王鑫',NULL),('计算机163',36,'161404060312','0','陈昊',NULL),('计算机163',36,'161404060313','0','陈加兴',NULL),('计算机163',36,'161404060314','0','陈昂',NULL),('计算机163',36,'161404060315','0','王东昱',NULL),('计算机163',36,'161404060316','0','吴玉娇',NULL),('计算机163',36,'161404060317','0','王斐蒂',NULL),('计算机163',36,'161404060318','0','马帅',NULL),('计算机163',36,'161404060319','0','夏若缘',NULL),('计算机163',36,'161404060320','0','丁昌耀',NULL),('计算机163',36,'161404060321','0','张晨',NULL),('计算机163',36,'161404060322','0','杨可',NULL),('计算机163',36,'161404060323','0','张俊杰',NULL),('计算机163',36,'161404060324','0','王新杰',NULL),('计算机163',36,'161404060325','0','武亚龙',NULL),('计算机163',36,'161404060326','0','赵吉旺',NULL),('计算机163',36,'161404060327','0','万传峰',NULL),('计算机163',36,'161404060328','0','马世东',NULL),('计算机163',36,'161404060329','0','李三召',NULL),('计算机163',36,'161404060331','0','宋鹏博',NULL),('计算机163',36,'161404060332','0','丁宇',NULL),('计算机163',36,'161404060333','0','孔繁鹏',NULL),('计算机163',36,'161404060334','0','黄忠伟',NULL),('计算机163',36,'161404060335','0','邹茂勇',NULL),('计算机163',36,'161404060336','0','胡术宇',NULL),('计算机163',36,'161404060337','0','谷中',NULL),('计算机163',36,'161404060338','0','王兴宽',NULL),('计算机163',36,'161404060339','0','方志强',NULL),('计算机163',36,'161404060340','0','谢启明',NULL),('计算机163',36,'161404160225','0','彭坤迪',NULL),('计算机(软件)132',39,'131404060231','0','赵振虎',NULL),('计算机(软件)141',39,'141404060121','0','王艺丞',NULL),('计算机(软件)141',39,'141404060206','0','金瑞',NULL),('计算机(网络)141',39,'141404060210','0','刘雨春',NULL),('计算机(软件)141',39,'141404060216','0','史文剑',NULL),('计算机(网络)141',39,'141404060227','0','杨晨昊',NULL),('营销141',39,'141406040112','0','郭倩倩',NULL),('信管141',39,'141406070107','1','郭瑾宏','E:\\eduassist v2\\.metadata\\.plugins\\org.eclipse.wst.server.core\\tmp0\\wtpwebapps\\edu_assist-web\\eduassist/file/upload/student_task_file/20/39/java.rar'),('日语142',39,'141407020223','0','张娜',NULL),('资源141',39,'141414090102','0','程桢',NULL),('计算机161',39,'151403170131','0','张晨晔',NULL),('计算机(软件)152',39,'151404060217','0','马婉情',NULL),('计算机(软件)152',39,'151404060219','0','宋龙飞',NULL),('计算机(软件)153',39,'151404060302','0','陈雨琦',NULL),('计算机(软件)153',39,'151404060333','0','滕昭国',NULL),('信管152',39,'151406070213','0','黎梓朗',NULL),('信管152',39,'151406070222','0','彭冉',NULL),('应数151',39,'151410010105','0','李文祺',NULL),('应数151',39,'151410010116','0','孙汉韬',NULL),('应数151',39,'151410010218','0','潘宇新',NULL),('应物152',39,'151410020205','0','韩世鹏',NULL),('动医152',39,'151413130414','0','柳荦',NULL),('园艺152',39,'151419010201','0','陈雪苗',NULL),('计算机161',39,'161402060337','0','李泽民',NULL),('计算机162',39,'161403170234','0','赵万里',NULL),('计算机161',39,'161404060101','0','洪英杰',NULL),('计算机161',39,'161404060102','0','郭宇',NULL),('计算机161',39,'161404060103','0','刘智',NULL),('计算机161',39,'161404060104','0','丁国伟',NULL),('计算机161',39,'161404060105','0','吕万东',NULL),('计算机161',39,'161404060106','0','黄磊磊',NULL),('计算机161',39,'161404060107','0','马喜明',NULL),('计算机161',39,'161404060108','0','孟雪佳',NULL),('计算机161',39,'161404060109','0','王刚',NULL),('计算机161',39,'161404060110','0','苏丹',NULL),('计算机161',39,'161404060111','0','黄珊珊',NULL),('计算机161',39,'161404060112','0','谢凯',NULL),('计算机161',39,'161404060113','0','方圆',NULL),('计算机161',39,'161404060114','0','闫兆旺',NULL),('计算机161',39,'161404060115','0','孙健',NULL),('计算机161',39,'161404060116','0','陈世超',NULL),('计算机161',39,'161404060117','0','许新雨',NULL),('计算机161',39,'161404060118','0','苟永飞',NULL),('计算机161',39,'161404060119','0','刘先阳',NULL),('计算机161',39,'161404060120','0','沈铃杰',NULL),('计算机161',39,'161404060121','0','党林达',NULL),('计算机161',39,'161404060122','0','王培毅',NULL),('计算机161',39,'161404060123','0','刘宇翔',NULL),('计算机161',39,'161404060124','0','陶天然',NULL),('计算机161',39,'161404060125','0','刘帅飞',NULL),('计算机161',39,'161404060126','0','马海洋',NULL),('计算机161',39,'161404060127','0','王之元',NULL),('计算机161',39,'161404060128','0','王学智',NULL),('计算机161',39,'161404060129','0','张世勇',NULL),('计算机161',39,'161404060130','0','肖欣',NULL),('计算机161',39,'161404060131','0','牛猛',NULL),('计算机161',39,'161404060132','0','罗百强',NULL),('计算机161',39,'161404060133','0','王卫涛',NULL),('计算机161',39,'161404060134','0','李豪',NULL),('计算机161',39,'161404060135','0','陈敏',NULL),('计算机161',39,'161404060136','0','焦鑫哲',NULL),('计算机161',39,'161404060137','0','张丽',NULL),('计算机161',39,'161404060138','0','张宇轩',NULL),('计算机161',39,'161404060139','0','邓志岳',NULL),('计算机161',39,'161404060140','0','崔鹏旭',NULL),('计算机162',39,'161404060201','0','袁若松',NULL),('计算机162',39,'161404060202','0','林泽泓',NULL),('计算机162',39,'161404060203','0','唐璇',NULL),('计算机162',39,'161404060204','0','徐锴',NULL),('计算机162',39,'161404060205','0','赵旭',NULL),('计算机162',39,'161404060206','0','王杭',NULL),('计算机162',39,'161404060207','0','李闯',NULL),('计算机162',39,'161404060208','0','杜起',NULL),('计算机162',39,'161404060209','0','蒋文攀',NULL),('计算机162',39,'161404060210','0','曾庆杨',NULL),('计算机162',39,'161404060211','0','石歌颂',NULL),('计算机162',39,'161404060212','0','姜明明',NULL),('计算机162',39,'161404060213','0','曹子超',NULL),('计算机162',39,'161404060214','0','刘树科',NULL),('计算机162',39,'161404060215','0','张茜茜',NULL),('计算机162',39,'161404060216','0','司林飞',NULL),('计算机162',39,'161404060217','0','张涛',NULL),('计算机162',39,'161404060218','0','石磊',NULL),('计算机162',39,'161404060219','0','黄鑫雨',NULL),('计算机162',39,'161404060220','0','张梦林',NULL),('计算机162',39,'161404060221','0','程楠',NULL),('计算机162',39,'161404060222','0','刘仕昂',NULL),('计算机162',39,'161404060223','0','张斌',NULL),('计算机162',39,'161404060224','0','申冉',NULL),('计算机162',39,'161404060225','0','张文博',NULL),('计算机162',39,'161404060226','0','李向鹏',NULL),('计算机162',39,'161404060227','0','蒋新秀',NULL),('计算机162',39,'161404060228','0','张莹莹',NULL),('计算机162',39,'161404060229','0','徐文萱',NULL),('计算机162',39,'161404060230','0','陶文彪',NULL),('计算机162',39,'161404060231','0','吴汶斌',NULL),('计算机162',39,'161404060232','0','王雷',NULL),('计算机162',39,'161404060233','0','郝婉君',NULL),('计算机162',39,'161404060234','0','张翔宇',NULL),('计算机162',39,'161404060235','0','孙冰',NULL),('计算机162',39,'161404060236','0','户博文',NULL),('计算机162',39,'161404060237','0','杨之帆',NULL),('计算机162',39,'161404060238','0','牛文凯',NULL),('计算机162',39,'161404060239','0','赵振涛',NULL),('计算机162',39,'161404060240','0','于正鑫',NULL),('计算机163',39,'161404060301','0','敬玉珂',NULL),('计算机163',39,'161404060302','0','郭晨洋',NULL),('计算机163',39,'161404060303','0','陆豪',NULL),('计算机163',39,'161404060304','0','杨战胜',NULL),('计算机163',39,'161404060305','0','方孟惠',NULL),('计算机163',39,'161404060306','0','戴威',NULL),('计算机163',39,'161404060307','0','王晓东',NULL),('计算机163',39,'161404060308','0','魏林捷',NULL),('计算机163',39,'161404060309','0','孙伟刚',NULL),('计算机163',39,'161404060310','0','金冬麟',NULL),('计算机163',39,'161404060311','0','王鑫',NULL),('计算机163',39,'161404060312','0','陈昊',NULL),('计算机163',39,'161404060313','0','陈加兴',NULL),('计算机163',39,'161404060314','0','陈昂',NULL),('计算机163',39,'161404060315','0','王东昱',NULL),('计算机163',39,'161404060316','0','吴玉娇',NULL),('计算机163',39,'161404060317','0','王斐蒂',NULL),('计算机163',39,'161404060318','0','马帅',NULL),('计算机163',39,'161404060319','0','夏若缘',NULL),('计算机163',39,'161404060320','0','丁昌耀',NULL),('计算机163',39,'161404060321','0','张晨',NULL),('计算机163',39,'161404060322','0','杨可',NULL),('计算机163',39,'161404060323','0','张俊杰',NULL),('计算机163',39,'161404060324','0','王新杰',NULL),('计算机163',39,'161404060325','0','武亚龙',NULL),('计算机163',39,'161404060326','0','赵吉旺',NULL),('计算机163',39,'161404060327','0','万传峰',NULL),('计算机163',39,'161404060328','0','马世东',NULL),('计算机163',39,'161404060329','0','李三召',NULL),('计算机163',39,'161404060331','0','宋鹏博',NULL),('计算机163',39,'161404060332','0','丁宇',NULL),('计算机163',39,'161404060333','0','孔繁鹏',NULL),('计算机163',39,'161404060334','0','黄忠伟',NULL),('计算机163',39,'161404060335','0','邹茂勇',NULL),('计算机163',39,'161404060336','0','胡术宇',NULL),('计算机163',39,'161404060337','0','谷中',NULL),('计算机163',39,'161404060338','0','王兴宽',NULL),('计算机163',39,'161404060339','0','方志强',NULL),('计算机163',39,'161404060340','0','谢启明',NULL),('计算机163',39,'161404160225','0','彭坤迪',NULL),('计算机(软件)132',42,'131404060231','0','赵振虎',NULL),('计算机(软件)141',42,'141404060121','0','王艺丞',NULL),('计算机(软件)141',42,'141404060206','0','金瑞',NULL),('计算机(网络)141',42,'141404060210','0','刘雨春',NULL),('计算机(软件)141',42,'141404060216','0','史文剑',NULL),('计算机(网络)141',42,'141404060227','0','杨晨昊',NULL),('营销141',42,'141406040112','0','郭倩倩',NULL),('信管141',42,'141406070107','0','郭瑾宏',NULL),('日语142',42,'141407020223','0','张娜',NULL),('资源141',42,'141414090102','0','程桢',NULL),('计算机161',42,'151403170131','0','张晨晔',NULL),('计算机(软件)152',42,'151404060217','0','马婉情',NULL),('计算机(软件)152',42,'151404060219','0','宋龙飞',NULL),('计算机(软件)153',42,'151404060302','0','陈雨琦',NULL),('计算机(软件)153',42,'151404060333','0','滕昭国',NULL),('信管152',42,'151406070213','0','黎梓朗',NULL),('信管152',42,'151406070222','0','彭冉',NULL),('应数151',42,'151410010105','0','李文祺',NULL),('应数151',42,'151410010116','0','孙汉韬',NULL),('应数151',42,'151410010218','0','潘宇新',NULL),('应物152',42,'151410020205','0','韩世鹏',NULL),('动医152',42,'151413130414','0','柳荦',NULL),('园艺152',42,'151419010201','0','陈雪苗',NULL),('计算机161',42,'161402060337','0','李泽民',NULL),('计算机162',42,'161403170234','0','赵万里',NULL),('计算机161',42,'161404060101','0','洪英杰',NULL),('计算机161',42,'161404060102','0','郭宇',NULL),('计算机161',42,'161404060103','0','刘智',NULL),('计算机161',42,'161404060104','0','丁国伟',NULL),('计算机161',42,'161404060105','0','吕万东',NULL),('计算机161',42,'161404060106','0','黄磊磊',NULL),('计算机161',42,'161404060107','0','马喜明',NULL),('计算机161',42,'161404060108','0','孟雪佳',NULL),('计算机161',42,'161404060109','0','王刚',NULL),('计算机161',42,'161404060110','0','苏丹',NULL),('计算机161',42,'161404060111','0','黄珊珊',NULL),('计算机161',42,'161404060112','0','谢凯',NULL),('计算机161',42,'161404060113','0','方圆',NULL),('计算机161',42,'161404060114','0','闫兆旺',NULL),('计算机161',42,'161404060115','0','孙健',NULL),('计算机161',42,'161404060116','0','陈世超',NULL),('计算机161',42,'161404060117','0','许新雨',NULL),('计算机161',42,'161404060118','0','苟永飞',NULL),('计算机161',42,'161404060119','0','刘先阳',NULL),('计算机161',42,'161404060120','0','沈铃杰',NULL),('计算机161',42,'161404060121','0','党林达',NULL),('计算机161',42,'161404060122','0','王培毅',NULL),('计算机161',42,'161404060123','0','刘宇翔',NULL),('计算机161',42,'161404060124','0','陶天然',NULL),('计算机161',42,'161404060125','0','刘帅飞',NULL),('计算机161',42,'161404060126','0','马海洋',NULL),('计算机161',42,'161404060127','0','王之元',NULL),('计算机161',42,'161404060128','0','王学智',NULL),('计算机161',42,'161404060129','0','张世勇',NULL),('计算机161',42,'161404060130','0','肖欣',NULL),('计算机161',42,'161404060131','0','牛猛',NULL),('计算机161',42,'161404060132','0','罗百强',NULL),('计算机161',42,'161404060133','0','王卫涛',NULL),('计算机161',42,'161404060134','0','李豪',NULL),('计算机161',42,'161404060135','0','陈敏',NULL),('计算机161',42,'161404060136','1','焦鑫哲','E:\\eduassist v2\\.metadata\\.plugins\\org.eclipse.wst.server.core\\tmp0\\wtpwebapps\\edu_assist-web\\eduassist/file/upload/student_task_file/22/42/Navicat for MySQL.rar'),('计算机161',42,'161404060137','0','张丽',NULL),('计算机161',42,'161404060138','0','张宇轩',NULL),('计算机161',42,'161404060139','0','邓志岳',NULL),('计算机161',42,'161404060140','0','崔鹏旭',NULL),('计算机162',42,'161404060201','0','袁若松',NULL),('计算机162',42,'161404060202','0','林泽泓',NULL),('计算机162',42,'161404060203','0','唐璇',NULL),('计算机162',42,'161404060204','0','徐锴',NULL),('计算机162',42,'161404060205','0','赵旭',NULL),('计算机162',42,'161404060206','0','王杭',NULL),('计算机162',42,'161404060207','0','李闯',NULL),('计算机162',42,'161404060208','0','杜起',NULL),('计算机162',42,'161404060209','0','蒋文攀',NULL),('计算机162',42,'161404060210','0','曾庆杨',NULL),('计算机162',42,'161404060211','0','石歌颂',NULL),('计算机162',42,'161404060212','0','姜明明',NULL),('计算机162',42,'161404060213','0','曹子超',NULL),('计算机162',42,'161404060214','0','刘树科',NULL),('计算机162',42,'161404060215','0','张茜茜',NULL),('计算机162',42,'161404060216','0','司林飞',NULL),('计算机162',42,'161404060217','0','张涛',NULL),('计算机162',42,'161404060218','0','石磊',NULL),('计算机162',42,'161404060219','0','黄鑫雨',NULL),('计算机162',42,'161404060220','0','张梦林',NULL),('计算机162',42,'161404060221','0','程楠',NULL),('计算机162',42,'161404060222','0','刘仕昂',NULL),('计算机162',42,'161404060223','0','张斌',NULL),('计算机162',42,'161404060224','0','申冉',NULL),('计算机162',42,'161404060225','0','张文博',NULL),('计算机162',42,'161404060226','0','李向鹏',NULL),('计算机162',42,'161404060227','0','蒋新秀',NULL),('计算机162',42,'161404060228','0','张莹莹',NULL),('计算机162',42,'161404060229','0','徐文萱',NULL),('计算机162',42,'161404060230','0','陶文彪',NULL),('计算机162',42,'161404060231','0','吴汶斌',NULL),('计算机162',42,'161404060232','0','王雷',NULL),('计算机162',42,'161404060233','0','郝婉君',NULL),('计算机162',42,'161404060234','0','张翔宇',NULL),('计算机162',42,'161404060235','0','孙冰',NULL),('计算机162',42,'161404060236','0','户博文',NULL),('计算机162',42,'161404060237','0','杨之帆',NULL),('计算机162',42,'161404060238','0','牛文凯',NULL),('计算机162',42,'161404060239','0','赵振涛',NULL),('计算机162',42,'161404060240','0','于正鑫',NULL),('计算机163',42,'161404060301','0','敬玉珂',NULL),('计算机163',42,'161404060302','0','郭晨洋',NULL),('计算机163',42,'161404060303','0','陆豪',NULL),('计算机163',42,'161404060304','0','杨战胜',NULL),('计算机163',42,'161404060305','0','方孟惠',NULL),('计算机163',42,'161404060306','0','戴威',NULL),('计算机163',42,'161404060307','0','王晓东',NULL),('计算机163',42,'161404060308','0','魏林捷',NULL),('计算机163',42,'161404060309','0','孙伟刚',NULL),('计算机163',42,'161404060310','0','金冬麟',NULL),('计算机163',42,'161404060311','0','王鑫',NULL),('计算机163',42,'161404060312','0','陈昊',NULL),('计算机163',42,'161404060313','0','陈加兴',NULL),('计算机163',42,'161404060314','0','陈昂',NULL),('计算机163',42,'161404060315','0','王东昱',NULL),('计算机163',42,'161404060316','0','吴玉娇',NULL),('计算机163',42,'161404060317','0','王斐蒂',NULL),('计算机163',42,'161404060318','0','马帅',NULL),('计算机163',42,'161404060319','0','夏若缘',NULL),('计算机163',42,'161404060320','0','丁昌耀',NULL),('计算机163',42,'161404060321','0','张晨',NULL),('计算机163',42,'161404060322','0','杨可',NULL),('计算机163',42,'161404060323','0','张俊杰',NULL),('计算机163',42,'161404060324','0','王新杰',NULL),('计算机163',42,'161404060325','0','武亚龙',NULL),('计算机163',42,'161404060326','0','赵吉旺',NULL),('计算机163',42,'161404060327','0','万传峰',NULL),('计算机163',42,'161404060328','0','马世东',NULL),('计算机163',42,'161404060329','0','李三召',NULL),('计算机163',42,'161404060331','0','宋鹏博',NULL),('计算机163',42,'161404060332','0','丁宇',NULL),('计算机163',42,'161404060333','0','孔繁鹏',NULL),('计算机163',42,'161404060334','0','黄忠伟',NULL),('计算机163',42,'161404060335','0','邹茂勇',NULL),('计算机163',42,'161404060336','0','胡术宇',NULL),('计算机163',42,'161404060337','0','谷中',NULL),('计算机163',42,'161404060338','0','王兴宽',NULL),('计算机163',42,'161404060339','0','方志强',NULL),('计算机163',42,'161404060340','0','谢启明',NULL),('计算机163',42,'161404160225','0','彭坤迪',NULL),('计算机(软件)132',43,'131404060231','0','赵振虎',NULL),('计算机(软件)141',43,'141404060121','0','王艺丞',NULL),('计算机(软件)141',43,'141404060206','0','金瑞',NULL),('计算机(网络)141',43,'141404060210','0','刘雨春',NULL),('计算机(软件)141',43,'141404060216','0','史文剑',NULL),('计算机(网络)141',43,'141404060227','0','杨晨昊',NULL),('营销141',43,'141406040112','0','郭倩倩',NULL),('信管141',43,'141406070107','0','郭瑾宏',NULL),('日语142',43,'141407020223','0','张娜',NULL),('资源141',43,'141414090102','0','程桢',NULL),('计算机161',43,'151403170131','0','张晨晔',NULL),('计算机(软件)152',43,'151404060217','0','马婉情',NULL),('计算机(软件)152',43,'151404060219','0','宋龙飞',NULL),('计算机(软件)153',43,'151404060302','0','陈雨琦',NULL),('计算机(软件)153',43,'151404060333','0','滕昭国',NULL),('信管152',43,'151406070213','0','黎梓朗',NULL),('信管152',43,'151406070222','0','彭冉',NULL),('应数151',43,'151410010105','0','李文祺',NULL),('应数151',43,'151410010116','0','孙汉韬',NULL),('应数151',43,'151410010218','0','潘宇新',NULL),('应物152',43,'151410020205','0','韩世鹏',NULL),('动医152',43,'151413130414','0','柳荦',NULL),('园艺152',43,'151419010201','0','陈雪苗',NULL),('计算机161',43,'161402060337','0','李泽民',NULL),('计算机162',43,'161403170234','0','赵万里',NULL),('计算机161',43,'161404060101','0','洪英杰',NULL),('计算机161',43,'161404060102','0','郭宇',NULL),('计算机161',43,'161404060103','0','刘智',NULL),('计算机161',43,'161404060104','0','丁国伟',NULL),('计算机161',43,'161404060105','0','吕万东',NULL),('计算机161',43,'161404060106','0','黄磊磊',NULL),('计算机161',43,'161404060107','0','马喜明',NULL),('计算机161',43,'161404060108','0','孟雪佳',NULL),('计算机161',43,'161404060109','0','王刚',NULL),('计算机161',43,'161404060110','0','苏丹',NULL),('计算机161',43,'161404060111','0','黄珊珊',NULL),('计算机161',43,'161404060112','0','谢凯',NULL),('计算机161',43,'161404060113','0','方圆',NULL),('计算机161',43,'161404060114','0','闫兆旺',NULL),('计算机161',43,'161404060115','0','孙健',NULL),('计算机161',43,'161404060116','0','陈世超',NULL),('计算机161',43,'161404060117','0','许新雨',NULL),('计算机161',43,'161404060118','0','苟永飞',NULL),('计算机161',43,'161404060119','0','刘先阳',NULL),('计算机161',43,'161404060120','0','沈铃杰',NULL),('计算机161',43,'161404060121','0','党林达',NULL),('计算机161',43,'161404060122','0','王培毅',NULL),('计算机161',43,'161404060123','0','刘宇翔',NULL),('计算机161',43,'161404060124','0','陶天然',NULL),('计算机161',43,'161404060125','0','刘帅飞',NULL),('计算机161',43,'161404060126','0','马海洋',NULL),('计算机161',43,'161404060127','0','王之元',NULL),('计算机161',43,'161404060128','0','王学智',NULL),('计算机161',43,'161404060129','0','张世勇',NULL),('计算机161',43,'161404060130','0','肖欣',NULL),('计算机161',43,'161404060131','0','牛猛',NULL),('计算机161',43,'161404060132','0','罗百强',NULL),('计算机161',43,'161404060133','0','王卫涛',NULL),('计算机161',43,'161404060134','0','李豪',NULL),('计算机161',43,'161404060135','0','陈敏',NULL),('计算机161',43,'161404060136','0','焦鑫哲',NULL),('计算机161',43,'161404060137','0','张丽',NULL),('计算机161',43,'161404060138','0','张宇轩',NULL),('计算机161',43,'161404060139','0','邓志岳',NULL),('计算机161',43,'161404060140','0','崔鹏旭',NULL),('计算机162',43,'161404060201','0','袁若松',NULL),('计算机162',43,'161404060202','0','林泽泓',NULL),('计算机162',43,'161404060203','0','唐璇',NULL),('计算机162',43,'161404060204','0','徐锴',NULL),('计算机162',43,'161404060205','0','赵旭',NULL),('计算机162',43,'161404060206','0','王杭',NULL),('计算机162',43,'161404060207','0','李闯',NULL),('计算机162',43,'161404060208','0','杜起',NULL),('计算机162',43,'161404060209','0','蒋文攀',NULL),('计算机162',43,'161404060210','0','曾庆杨',NULL),('计算机162',43,'161404060211','0','石歌颂',NULL),('计算机162',43,'161404060212','0','姜明明',NULL),('计算机162',43,'161404060213','0','曹子超',NULL),('计算机162',43,'161404060214','0','刘树科',NULL),('计算机162',43,'161404060215','0','张茜茜',NULL),('计算机162',43,'161404060216','0','司林飞',NULL),('计算机162',43,'161404060217','0','张涛',NULL),('计算机162',43,'161404060218','0','石磊',NULL),('计算机162',43,'161404060219','0','黄鑫雨',NULL),('计算机162',43,'161404060220','0','张梦林',NULL),('计算机162',43,'161404060221','0','程楠',NULL),('计算机162',43,'161404060222','0','刘仕昂',NULL),('计算机162',43,'161404060223','0','张斌',NULL),('计算机162',43,'161404060224','0','申冉',NULL),('计算机162',43,'161404060225','0','张文博',NULL),('计算机162',43,'161404060226','0','李向鹏',NULL),('计算机162',43,'161404060227','0','蒋新秀',NULL),('计算机162',43,'161404060228','0','张莹莹',NULL),('计算机162',43,'161404060229','0','徐文萱',NULL),('计算机162',43,'161404060230','0','陶文彪',NULL),('计算机162',43,'161404060231','0','吴汶斌',NULL),('计算机162',43,'161404060232','0','王雷',NULL),('计算机162',43,'161404060233','0','郝婉君',NULL),('计算机162',43,'161404060234','0','张翔宇',NULL),('计算机162',43,'161404060235','0','孙冰',NULL),('计算机162',43,'161404060236','0','户博文',NULL),('计算机162',43,'161404060237','0','杨之帆',NULL),('计算机162',43,'161404060238','0','牛文凯',NULL),('计算机162',43,'161404060239','0','赵振涛',NULL),('计算机162',43,'161404060240','0','于正鑫',NULL),('计算机163',43,'161404060301','0','敬玉珂',NULL),('计算机163',43,'161404060302','0','郭晨洋',NULL),('计算机163',43,'161404060303','0','陆豪',NULL),('计算机163',43,'161404060304','0','杨战胜',NULL),('计算机163',43,'161404060305','0','方孟惠',NULL),('计算机163',43,'161404060306','0','戴威',NULL),('计算机163',43,'161404060307','0','王晓东',NULL),('计算机163',43,'161404060308','0','魏林捷',NULL),('计算机163',43,'161404060309','0','孙伟刚',NULL),('计算机163',43,'161404060310','0','金冬麟',NULL),('计算机163',43,'161404060311','0','王鑫',NULL),('计算机163',43,'161404060312','0','陈昊',NULL),('计算机163',43,'161404060313','0','陈加兴',NULL),('计算机163',43,'161404060314','0','陈昂',NULL),('计算机163',43,'161404060315','0','王东昱',NULL),('计算机163',43,'161404060316','0','吴玉娇',NULL),('计算机163',43,'161404060317','0','王斐蒂',NULL),('计算机163',43,'161404060318','0','马帅',NULL),('计算机163',43,'161404060319','0','夏若缘',NULL),('计算机163',43,'161404060320','0','丁昌耀',NULL),('计算机163',43,'161404060321','0','张晨',NULL),('计算机163',43,'161404060322','0','杨可',NULL),('计算机163',43,'161404060323','0','张俊杰',NULL),('计算机163',43,'161404060324','0','王新杰',NULL),('计算机163',43,'161404060325','0','武亚龙',NULL),('计算机163',43,'161404060326','0','赵吉旺',NULL),('计算机163',43,'161404060327','0','万传峰',NULL),('计算机163',43,'161404060328','0','马世东',NULL),('计算机163',43,'161404060329','0','李三召',NULL),('计算机163',43,'161404060331','0','宋鹏博',NULL),('计算机163',43,'161404060332','0','丁宇',NULL),('计算机163',43,'161404060333','0','孔繁鹏',NULL),('计算机163',43,'161404060334','0','黄忠伟',NULL),('计算机163',43,'161404060335','0','邹茂勇',NULL),('计算机163',43,'161404060336','0','胡术宇',NULL),('计算机163',43,'161404060337','0','谷中',NULL),('计算机163',43,'161404060338','0','王兴宽',NULL),('计算机163',43,'161404060339','0','方志强',NULL),('计算机163',43,'161404060340','0','谢启明',NULL),('计算机163',43,'161404160225','0','彭坤迪',NULL),('计算机(软件)132',44,'131404060231','0','赵振虎',NULL),('计算机(软件)141',44,'141404060121','0','王艺丞',NULL),('计算机(软件)141',44,'141404060206','0','金瑞',NULL),('计算机(网络)141',44,'141404060210','0','刘雨春',NULL),('计算机(软件)141',44,'141404060216','0','史文剑',NULL),('计算机(网络)141',44,'141404060227','0','杨晨昊',NULL),('营销141',44,'141406040112','0','郭倩倩',NULL),('信管141',44,'141406070107','0','郭瑾宏',NULL),('日语142',44,'141407020223','0','张娜',NULL),('资源141',44,'141414090102','0','程桢',NULL),('计算机161',44,'151403170131','0','张晨晔',NULL),('计算机(软件)152',44,'151404060217','0','马婉情',NULL),('计算机(软件)152',44,'151404060219','0','宋龙飞',NULL),('计算机(软件)153',44,'151404060302','0','陈雨琦',NULL),('计算机(软件)153',44,'151404060333','0','滕昭国',NULL),('信管152',44,'151406070213','0','黎梓朗',NULL),('信管152',44,'151406070222','0','彭冉',NULL),('应数151',44,'151410010105','0','李文祺',NULL),('应数151',44,'151410010116','0','孙汉韬',NULL),('应数151',44,'151410010218','0','潘宇新',NULL),('应物152',44,'151410020205','0','韩世鹏',NULL),('动医152',44,'151413130414','0','柳荦',NULL),('园艺152',44,'151419010201','0','陈雪苗',NULL),('计算机161',44,'161402060337','0','李泽民',NULL),('计算机162',44,'161403170234','0','赵万里',NULL),('计算机161',44,'161404060101','0','洪英杰',NULL),('计算机161',44,'161404060102','0','郭宇',NULL),('计算机161',44,'161404060103','0','刘智',NULL),('计算机161',44,'161404060104','0','丁国伟',NULL),('计算机161',44,'161404060105','0','吕万东',NULL),('计算机161',44,'161404060106','0','黄磊磊',NULL),('计算机161',44,'161404060107','0','马喜明',NULL),('计算机161',44,'161404060108','0','孟雪佳',NULL),('计算机161',44,'161404060109','0','王刚',NULL),('计算机161',44,'161404060110','0','苏丹',NULL),('计算机161',44,'161404060111','0','黄珊珊',NULL),('计算机161',44,'161404060112','0','谢凯',NULL),('计算机161',44,'161404060113','0','方圆',NULL),('计算机161',44,'161404060114','0','闫兆旺',NULL),('计算机161',44,'161404060115','0','孙健',NULL),('计算机161',44,'161404060116','0','陈世超',NULL),('计算机161',44,'161404060117','0','许新雨',NULL),('计算机161',44,'161404060118','0','苟永飞',NULL),('计算机161',44,'161404060119','0','刘先阳',NULL),('计算机161',44,'161404060120','0','沈铃杰',NULL),('计算机161',44,'161404060121','0','党林达',NULL),('计算机161',44,'161404060122','0','王培毅',NULL),('计算机161',44,'161404060123','0','刘宇翔',NULL),('计算机161',44,'161404060124','0','陶天然',NULL),('计算机161',44,'161404060125','0','刘帅飞',NULL),('计算机161',44,'161404060126','0','马海洋',NULL),('计算机161',44,'161404060127','0','王之元',NULL),('计算机161',44,'161404060128','0','王学智',NULL),('计算机161',44,'161404060129','0','张世勇',NULL),('计算机161',44,'161404060130','0','肖欣',NULL),('计算机161',44,'161404060131','0','牛猛',NULL),('计算机161',44,'161404060132','0','罗百强',NULL),('计算机161',44,'161404060133','0','王卫涛',NULL),('计算机161',44,'161404060134','0','李豪',NULL),('计算机161',44,'161404060135','0','陈敏',NULL),('计算机161',44,'161404060136','0','焦鑫哲',NULL),('计算机161',44,'161404060137','0','张丽',NULL),('计算机161',44,'161404060138','0','张宇轩',NULL),('计算机161',44,'161404060139','0','邓志岳',NULL),('计算机161',44,'161404060140','0','崔鹏旭',NULL),('计算机162',44,'161404060201','0','袁若松',NULL),('计算机162',44,'161404060202','0','林泽泓',NULL),('计算机162',44,'161404060203','0','唐璇',NULL),('计算机162',44,'161404060204','0','徐锴',NULL),('计算机162',44,'161404060205','0','赵旭',NULL),('计算机162',44,'161404060206','0','王杭',NULL),('计算机162',44,'161404060207','0','李闯',NULL),('计算机162',44,'161404060208','0','杜起',NULL),('计算机162',44,'161404060209','0','蒋文攀',NULL),('计算机162',44,'161404060210','0','曾庆杨',NULL),('计算机162',44,'161404060211','0','石歌颂',NULL),('计算机162',44,'161404060212','0','姜明明',NULL),('计算机162',44,'161404060213','0','曹子超',NULL),('计算机162',44,'161404060214','0','刘树科',NULL),('计算机162',44,'161404060215','0','张茜茜',NULL),('计算机162',44,'161404060216','0','司林飞',NULL),('计算机162',44,'161404060217','0','张涛',NULL),('计算机162',44,'161404060218','0','石磊',NULL),('计算机162',44,'161404060219','0','黄鑫雨',NULL),('计算机162',44,'161404060220','0','张梦林',NULL),('计算机162',44,'161404060221','0','程楠',NULL),('计算机162',44,'161404060222','0','刘仕昂',NULL),('计算机162',44,'161404060223','0','张斌',NULL),('计算机162',44,'161404060224','0','申冉',NULL),('计算机162',44,'161404060225','0','张文博',NULL),('计算机162',44,'161404060226','0','李向鹏',NULL),('计算机162',44,'161404060227','0','蒋新秀',NULL),('计算机162',44,'161404060228','0','张莹莹',NULL),('计算机162',44,'161404060229','0','徐文萱',NULL),('计算机162',44,'161404060230','0','陶文彪',NULL),('计算机162',44,'161404060231','0','吴汶斌',NULL),('计算机162',44,'161404060232','0','王雷',NULL),('计算机162',44,'161404060233','0','郝婉君',NULL),('计算机162',44,'161404060234','0','张翔宇',NULL),('计算机162',44,'161404060235','0','孙冰',NULL),('计算机162',44,'161404060236','0','户博文',NULL),('计算机162',44,'161404060237','0','杨之帆',NULL),('计算机162',44,'161404060238','0','牛文凯',NULL),('计算机162',44,'161404060239','0','赵振涛',NULL),('计算机162',44,'161404060240','0','于正鑫',NULL),('计算机163',44,'161404060301','0','敬玉珂',NULL),('计算机163',44,'161404060302','0','郭晨洋',NULL),('计算机163',44,'161404060303','0','陆豪',NULL),('计算机163',44,'161404060304','0','杨战胜',NULL),('计算机163',44,'161404060305','0','方孟惠',NULL),('计算机163',44,'161404060306','0','戴威',NULL),('计算机163',44,'161404060307','0','王晓东',NULL),('计算机163',44,'161404060308','0','魏林捷',NULL),('计算机163',44,'161404060309','0','孙伟刚',NULL),('计算机163',44,'161404060310','0','金冬麟',NULL),('计算机163',44,'161404060311','0','王鑫',NULL),('计算机163',44,'161404060312','0','陈昊',NULL),('计算机163',44,'161404060313','0','陈加兴',NULL),('计算机163',44,'161404060314','0','陈昂',NULL),('计算机163',44,'161404060315','0','王东昱',NULL),('计算机163',44,'161404060316','0','吴玉娇',NULL),('计算机163',44,'161404060317','0','王斐蒂',NULL),('计算机163',44,'161404060318','0','马帅',NULL),('计算机163',44,'161404060319','0','夏若缘',NULL),('计算机163',44,'161404060320','0','丁昌耀',NULL),('计算机163',44,'161404060321','0','张晨',NULL),('计算机163',44,'161404060322','0','杨可',NULL),('计算机163',44,'161404060323','0','张俊杰',NULL),('计算机163',44,'161404060324','0','王新杰',NULL),('计算机163',44,'161404060325','0','武亚龙',NULL),('计算机163',44,'161404060326','0','赵吉旺',NULL),('计算机163',44,'161404060327','0','万传峰',NULL),('计算机163',44,'161404060328','0','马世东',NULL),('计算机163',44,'161404060329','0','李三召',NULL),('计算机163',44,'161404060331','0','宋鹏博',NULL),('计算机163',44,'161404060332','0','丁宇',NULL),('计算机163',44,'161404060333','0','孔繁鹏',NULL),('计算机163',44,'161404060334','0','黄忠伟',NULL),('计算机163',44,'161404060335','0','邹茂勇',NULL),('计算机163',44,'161404060336','0','胡术宇',NULL),('计算机163',44,'161404060337','0','谷中',NULL),('计算机163',44,'161404060338','0','王兴宽',NULL),('计算机163',44,'161404060339','0','方志强',NULL),('计算机163',44,'161404060340','0','谢启明',NULL),('计算机163',44,'161404160225','0','彭坤迪',NULL);
/*!40000 ALTER TABLE `task_completion` ENABLE KEYS */;
UNLOCK TABLES;

--
-- Table structure for table `task_delay`
--

DROP TABLE IF EXISTS `task_delay`;
/*!40101 SET @saved_cs_client     = @@character_set_client */;
/*!40101 SET character_set_client = utf8 */;
CREATE TABLE `task_delay` (
  `task_id` int(11) DEFAULT NULL,
  `student_id` varchar(255) CHARACTER SET utf8 DEFAULT NULL,
  `student_name` varchar(255) DEFAULT NULL,
  `to_date` date DEFAULT NULL,
  `status` varchar(255) DEFAULT '0',
  `verifier` varchar(255) DEFAULT NULL,
  `task_name` varchar(255) DEFAULT NULL,
  KEY `task_id` (`task_id`),
  KEY `student_id` (`student_id`),
  CONSTRAINT `task_delay_ibfk_1` FOREIGN KEY (`task_id`) REFERENCES `task` (`task_id`) ON DELETE CASCADE ON UPDATE CASCADE,
  CONSTRAINT `task_delay_ibfk_2` FOREIGN KEY (`student_id`) REFERENCES `student` (`studentid`) ON DELETE CASCADE ON UPDATE CASCADE
) ENGINE=InnoDB DEFAULT CHARSET=latin1;
/*!40101 SET character_set_client = @saved_cs_client */;

--
-- Dumping data for table `task_delay`
--

LOCK TABLES `task_delay` WRITE;
/*!40000 ALTER TABLE `task_delay` DISABLE KEYS */;
/*!40000 ALTER TABLE `task_delay` ENABLE KEYS */;
UNLOCK TABLES;

--
-- Table structure for table `teacher`
--

DROP TABLE IF EXISTS `teacher`;
/*!40101 SET @saved_cs_client     = @@character_set_client */;
/*!40101 SET character_set_client = utf8 */;
CREATE TABLE `teacher` (
  `teacherid` varchar(255) NOT NULL,
  `name` varchar(255) DEFAULT NULL,
  `sex` varchar(2) DEFAULT NULL,
  PRIMARY KEY (`teacherid`),
  UNIQUE KEY `teacher_teacherid` (`teacherid`) USING HASH
) ENGINE=InnoDB DEFAULT CHARSET=utf8;
/*!40101 SET character_set_client = @saved_cs_client */;

--
-- Dumping data for table `teacher`
--

LOCK TABLES `teacher` WRITE;
/*!40000 ALTER TABLE `teacher` DISABLE KEYS */;
INSERT INTO `teacher` VALUES ('141404060320','FFS','2'),('141404060321','11','1');
/*!40000 ALTER TABLE `teacher` ENABLE KEYS */;
UNLOCK TABLES;

--
-- Table structure for table `user`
--

DROP TABLE IF EXISTS `user`;
/*!40101 SET @saved_cs_client     = @@character_set_client */;
/*!40101 SET character_set_client = utf8 */;
CREATE TABLE `user` (
  `userid` varchar(255) NOT NULL,
  `password` varchar(255) NOT NULL,
  `authority` varchar(1) NOT NULL,
  PRIMARY KEY (`userid`,`authority`),
  UNIQUE KEY `user_userid` (`userid`) USING BTREE
) ENGINE=InnoDB DEFAULT CHARSET=utf8;
/*!40101 SET character_set_client = @saved_cs_client */;

--
-- Dumping data for table `user`
--

LOCK TABLES `user` WRITE;
/*!40000 ALTER TABLE `user` DISABLE KEYS */;
INSERT INTO `user` VALUES ('131404060231','131404060231','0'),('141404060121','141404060121','0'),('141404060206','141404060206','0'),('141404060210','141404060210','0'),('141404060216','141404060216','0'),('141404060227','141404060227','0'),('141404060320','110','1'),('141404060321','110','1'),('141404060328','110','0'),('141406040112','141406040112','0'),('141406070107','141406070107','0'),('141407020223','141407020223','0'),('141414090102','141414090102','0'),('151403170131','151403170131','0'),('151404060217','151404060217','0'),('151404060219','151404060219','0'),('151404060302','151404060302','0'),('151404060333','151404060333','0'),('151406070213','151406070213','0'),('151406070222','151406070222','0'),('151410010105','151410010105','0'),('151410010116','151410010116','0'),('151410010218','151410010218','0'),('151410020205','151410020205','0'),('151413130414','151413130414','0'),('151419010201','151419010201','0'),('161402060337','161402060337','0'),('161403170234','161403170234','0'),('161404060101','161404060101','0'),('161404060102','161404060102','0'),('161404060103','161404060103','0'),('161404060104','161404060104','0'),('161404060105','161404060105','0'),('161404060106','161404060106','0'),('161404060107','161404060107','0'),('161404060108','161404060108','0'),('161404060109','161404060109','0'),('161404060110','161404060110','0'),('161404060111','161404060111','0'),('161404060112','161404060112','0'),('161404060113','161404060113','0'),('161404060114','161404060114','0'),('161404060115','161404060115','0'),('161404060116','161404060116','0'),('161404060117','161404060117','0'),('161404060118','161404060118','0'),('161404060119','161404060119','0'),('161404060120','161404060120','0'),('161404060121','161404060121','0'),('161404060122','161404060122','0'),('161404060123','161404060123','0'),('161404060124','161404060124','0'),('161404060125','161404060125','0'),('161404060126','161404060126','0'),('161404060127','161404060127','0'),('161404060128','161404060128','0'),('161404060129','161404060129','0'),('161404060130','161404060130','0'),('161404060131','161404060131','0'),('161404060132','161404060132','0'),('161404060133','161404060133','0'),('161404060134','161404060134','0'),('161404060135','161404060135','0'),('161404060136','161404060136','0'),('161404060137','161404060137','0'),('161404060138','161404060138','0'),('161404060139','161404060139','0'),('161404060140','161404060140','0'),('161404060201','161404060201','0'),('161404060202','161404060202','0'),('161404060203','161404060203','0'),('161404060204','161404060204','0'),('161404060205','161404060205','0'),('161404060206','161404060206','0'),('161404060207','161404060207','0'),('161404060208','161404060208','0'),('161404060209','161404060209','0'),('161404060210','161404060210','0'),('161404060211','161404060211','0'),('161404060212','161404060212','0'),('161404060213','161404060213','0'),('161404060214','161404060214','0'),('161404060215','161404060215','0'),('161404060216','161404060216','0'),('161404060217','161404060217','0'),('161404060218','161404060218','0'),('161404060219','161404060219','0'),('161404060220','161404060220','0'),('161404060221','161404060221','0'),('161404060222','161404060222','0'),('161404060223','161404060223','0'),('161404060224','161404060224','0'),('161404060225','161404060225','0'),('161404060226','161404060226','0'),('161404060227','161404060227','0'),('161404060228','161404060228','0'),('161404060229','161404060229','0'),('161404060230','161404060230','0'),('161404060231','161404060231','0'),('161404060232','161404060232','0'),('161404060233','161404060233','0'),('161404060234','161404060234','0'),('161404060235','161404060235','0'),('161404060236','161404060236','0'),('161404060237','161404060237','0'),('161404060238','161404060238','0'),('161404060239','161404060239','0'),('161404060240','161404060240','0'),('161404060301','161404060301','0'),('161404060302','161404060302','0'),('161404060303','161404060303','0'),('161404060304','161404060304','0'),('161404060305','161404060305','0'),('161404060306','161404060306','0'),('161404060307','161404060307','0'),('161404060308','161404060308','0'),('161404060309','161404060309','0'),('161404060310','161404060310','0'),('161404060311','161404060311','0'),('161404060312','161404060312','0'),('161404060313','161404060313','0'),('161404060314','161404060314','0'),('161404060315','161404060315','0'),('161404060316','161404060316','0'),('161404060317','161404060317','0'),('161404060318','161404060318','0'),('161404060319','161404060319','0'),('161404060320','161404060320','0'),('161404060321','161404060321','0'),('161404060322','161404060322','0'),('161404060323','161404060323','0'),('161404060324','161404060324','0'),('161404060325','161404060325','0'),('161404060326','161404060326','0'),('161404060327','161404060327','0'),('161404060328','161404060328','0'),('161404060329','161404060329','0'),('161404060331','161404060331','0'),('161404060332','161404060332','0'),('161404060333','161404060333','0'),('161404060334','161404060334','0'),('161404060335','161404060335','0'),('161404060336','161404060336','0'),('161404060337','161404060337','0'),('161404060338','161404060338','0'),('161404060339','161404060339','0'),('161404060340','161404060340','0'),('161404160225','161404160225','0');
/*!40000 ALTER TABLE `user` ENABLE KEYS */;
UNLOCK TABLES;
/*!40103 SET TIME_ZONE=@OLD_TIME_ZONE */;

/*!40101 SET SQL_MODE=@OLD_SQL_MODE */;
/*!40014 SET FOREIGN_KEY_CHECKS=@OLD_FOREIGN_KEY_CHECKS */;
/*!40014 SET UNIQUE_CHECKS=@OLD_UNIQUE_CHECKS */;
/*!40101 SET CHARACTER_SET_CLIENT=@OLD_CHARACTER_SET_CLIENT */;
/*!40101 SET CHARACTER_SET_RESULTS=@OLD_CHARACTER_SET_RESULTS */;
/*!40101 SET COLLATION_CONNECTION=@OLD_COLLATION_CONNECTION */;
/*!40111 SET SQL_NOTES=@OLD_SQL_NOTES */;

-- Dump completed on 2018-03-15  7:19:20
